0,nombre,email
18629557,Roley,rprickett0@usgs.gov
30822227,Nicolis,nroches1@twitpic.com
18452878,Marcus,mblyden2@soundcloud.com
15125808,Casey,cteague3@shop-pro.jp
15196276,Faye,falexandersen4@fastcompany.com
22169458,Francine,fpoulston5@state.tx.us
30739088,Chester,csnelgrove6@mapquest.com
32894631,Bonnie,bherrero7@xing.com
32719893,Danice,dazema8@sogou.com
28491160,Flossie,froblinp@mashable.com
26326248,Jodie,jgwyera@harvard.edu
32606459,Taddeusz,tgoresb@t-online.de
23527580,Gussi,gwaplesc@seesaa.net
28413813,Reilly,rdumphyd@freewebs.com
26319141,Dall,dwranklinge@fda.gov
28897915,Rosemonde,rseagrovef@unesco.org
21512742,Barbette,bsaunterg@microsoft.com
27952354,Loria,ltraytonh@dedecms.com
23903157,Geri,gwhitbreadj@upenn.edu
19785378,Halette,hlindermannk@comcast.net
26047302,Rhonda,rlohoarl@hibu.com
17846170,Corrie,cmacpadenem@admin.ch
29505116,Delora,dnowlandn@cmu.edu
27294746,Jordana,jannello@goo.ne.jp
31052921,Brendis,bfigliovanniq@yolasite.com
33461763,Gabrielle,gcubbinr@wunderground.com
20634425,Frayda,fjurkiewiczs@foxnews.com
24752093,Dorita,dbefroy2p@zimbio.com
15117341,Roby,rughiu@whitehouse.gov
14275633,Giavani,garklev@unc.edu
31809006,Julius,jluckesw@fc2.com
30711859,Maure,mhattersleyx@senate.gov
30543445,Julianna,jblazay@arstechnica.com
21584933,Holt,hguppy10@nih.gov
29399075,Gabi,ghedgecock11@rambler.ru
25803763,Lurlene,lwimp12@nhs.uk
13865149,Will,wdanzelman13@reference.com
25882180,Brenden,bcasassa14@imgur.com
18073544,Barnaby,baleveque15@odnoklassniki.ru
21031208,Josi,jwoofenden17@macromedia.com
24254170,Laurene,lhadfield18@csmonitor.com
33059813,Madella,mseivwright19@scientificamerican.com
21015130,Esta,elatehouse1a@google.co.uk
18279307,Karena,kwoolley1b@noaa.gov
13833560,Sharlene,scampbelldunlop1c@booking.com
28110258,Jillayne,jpoff1d@studiopress.com
30899174,Theobald,trozsa2d@state.gov
29817190,Morissa,mofairy1f@narod.ru
16450138,Denis,dlarret1g@hp.com
31080129,Emmy,ebill1h@noaa.gov
27039924,Angelle,amcgreil1i@gizmodo.com
18676470,Randa,rrobillart1j@sciencedirect.com
22552481,Brion,bbrimilcombe1k@umich.edu
33994317,Kirsteni,kkeyhoe1l@livejournal.com
33264191,Ignatius,ichampley1m@sohu.com
25377201,Fabe,fglanester1n@clickbank.net
21318587,Mabelle,mgrunnell1o@eepurl.com
25459300,Anitra,agymblett1q@plala.or.jp
31440363,Thaxter,trivelin1r@businesswire.com
27754344,Giavani,ghansford1s@wordpress.org
33796808,Evvie,eterron1t@uiuc.edu
31577902,Tana,tlobe1u@hp.com
25244081,Bennett,boloinn1v@reuters.com
14236239,Patti,plevesley1w@wikipedia.org
20452511,Almire,avonhagt1x@issuu.com
30736177,Jenine,jgruszecki1y@columbia.edu
23789572,Leta,lloffill1z@bloglovin.com
14662325,Otto,ofearns20@unblog.fr
21742974,Emmy,easbrey21@biblegateway.com
14372089,Rikki,rkirby22@webmd.com
20775225,Moll,mbadland23@theguardian.com
21740629,Aurlie,abatham24@ebay.co.uk
31816294,Dimitri,ddunstone25@yale.edu
32088175,Chrystel,cgeekin26@naver.com
17303353,Jarib,jsiegertsz27@admin.ch
18349518,Jemimah,jpedron28@soup.io
31065051,Jenda,jdomokos29@desdev.cn
21646759,Suzanne,stansley2a@apple.com
18420434,Lilah,lpisco2b@google.nl
33706394,Eadith,eciccottio2c@1und1.de
27321231,Rudolph,rbroader2f@scientificamerican.com
27707058,Bone,bburgett2g@wikipedia.org
31111956,Findlay,ftapenden2h@simplemachines.org
32425811,Nicky,npover2i@scribd.com
15856297,Netti,nmciver2j@ycombinator.com
20288187,Gianni,gdanne2k@imgur.com
13059659,Paulo,pmudd2l@xing.com
33160042,Connor,cbartholin2m@fastcompany.com
16494718,Arabel,akisting2n@bing.com
25383482,Alfonso,atrillow2o@eventbrite.com
32334534,Nerte,nkennaway2q@cafepress.com
30269917,Gallagher,glambeth2r@parallels.com
22152984,Hubey,hsutherden2e@ifeng.com
30808771,Greggory,gnibley9@ihg.com
30370456,Yancy,ycampsalli@tuttocitta.it
33773746,Cayla,cjoant@issuu.com
20150942,Shell,shindshawz@moonfruit.com
32664447,Salem,scrolly16@is.gd
22379022,Delphine,dbellsham1e@e-recht24.de
33425230,Waite,waspital1p@utexas.edu
