id,nombre,email,dni,ID_producto,observaciones
1,Roley,rprickett0@usgs.gov,18629557,458_BATIDORA,Duis aliquam convallis nunc. Proin at turpis a pede posuere nonummy.
2,Nicolis,nroches1@twitpic.com,30822227,324_MONITOR,Aliquam sit amet diam in magna bibendum imperdiet.
3,Marcus,mblyden2@soundcloud.com,18452878,324_MONITOR,Mauris sit amet eros. Suspendisse accumsan tortor quis turpis.
4,Casey,cteague3@shop-pro.jp,15125808,324_MONITOR,Nullam molestie nibh in lectus. Pellentesque at nulla.
5,Faye,falexandersen4@fastcompany.com,15196276,324_MONITOR,Aenean lectus.
6,Francine,fpoulston5@state.tx.us,22169458,789_TOSTADORA,Sed vel enim sit amet nunc viverra dapibus. Nulla suscipit ligula in lacus.
7,Chester,csnelgrove6@mapquest.com,30739088,343_TV_LED,"Maecenas tristique, est et tempus semper, est quam pharetra magna, ac consequat metus sapien ut nunc. Vestibulum ante ipsum primis in faucibus orci luctus et ultrices posuere cubilia Curae; Mauris viverra diam vitae quam."
8,Bonnie,bherrero7@xing.com,32894631,324_MONITOR,Cras non velit nec nisi vulputate nonummy.
9,Danice,dazema8@sogou.com,32719893,789_TOSTADORA,Vivamus in felis eu sapien cursus vestibulum.
10,Flossie,froblinp@mashable.com,28491160,586_LAVARROPAS,"Nam congue, risus semper porta volutpat, quam pede lobortis ligula, sit amet eleifend pede libero quis orci. Nullam molestie nibh in lectus."
11,Jodie,jgwyera@harvard.edu,26326248,324_MONITOR,Aliquam quis turpis eget elit sodales scelerisque.
12,Taddeusz,tgoresb@t-online.de,32606459,731_MOUSE,"Maecenas tristique, est et tempus semper, est quam pharetra magna, ac consequat metus sapien ut nunc. Vestibulum ante ipsum primis in faucibus orci luctus et ultrices posuere cubilia Curae; Mauris viverra diam vitae quam."
13,Gussi,gwaplesc@seesaa.net,23527580,586_LAVARROPAS,"Lorem ipsum dolor sit amet, consectetuer adipiscing elit. Proin risus."
14,Reilly,rdumphyd@freewebs.com,28413813,343_TV_LED,"Aliquam augue quam, sollicitudin vitae, consectetuer eget, rutrum at, lorem."
15,Dall,dwranklinge@fda.gov,26319141,586_LAVARROPAS,Praesent blandit lacinia erat. Vestibulum sed magna at nunc commodo placerat.
16,Rosemonde,rseagrovef@unesco.org,28897915,789_TOSTADORA,Praesent id massa id nisl venenatis lacinia. Aenean sit amet justo.
17,Barbette,bsaunterg@microsoft.com,21512742,458_BATIDORA,Nunc purus.
18,Loria,ltraytonh@dedecms.com,27952354,343_TV_LED,Integer a nibh.
19,Flossie,froblinp@mashable.com,28491160,343_TV_LED,"Nam congue, risus semper porta volutpat, quam pede lobortis ligula, sit amet eleifend pede libero quis orci. Nullam molestie nibh in lectus."
20,Geri,gwhitbreadj@upenn.edu,23903157,731_MOUSE,Praesent id massa id nisl venenatis lacinia. Aenean sit amet justo.
21,Halette,hlindermannk@comcast.net,19785378,586_LAVARROPAS,Vestibulum ante ipsum primis in faucibus orci luctus et ultrices posuere cubilia Curae; Mauris viverra diam vitae quam. Suspendisse potenti.
22,Rhonda,rlohoarl@hibu.com,26047302,458_BATIDORA,Maecenas ut massa quis augue luctus tincidunt. Nulla mollis molestie lorem.
23,Corrie,cmacpadenem@admin.ch,17846170,586_LAVARROPAS,"Cras mi pede, malesuada in, imperdiet et, commodo vulputate, justo. In blandit ultrices enim."
24,Delora,dnowlandn@cmu.edu,29505116,343_TV_LED,Donec quis orci eget orci vehicula condimentum.
25,Jordana,jannello@goo.ne.jp,27294746,586_LAVARROPAS,"Quisque arcu libero, rutrum ac, lobortis vel, dapibus at, diam."
26,Flossie,froblinp@mashable.com,28491160,731_MOUSE,"Nam congue, risus semper porta volutpat, quam pede lobortis ligula, sit amet eleifend pede libero quis orci. Nullam molestie nibh in lectus."
27,Brendis,bfigliovanniq@yolasite.com,31052921,458_BATIDORA,Duis aliquam convallis nunc.
28,Gabrielle,gcubbinr@wunderground.com,33461763,789_TOSTADORA,"Morbi odio odio, elementum eu, interdum eu, tincidunt in, leo. Maecenas pulvinar lobortis est."
29,Frayda,fjurkiewiczs@foxnews.com,20634425,731_MOUSE,Donec posuere metus vitae ipsum.
30,Dorita,dbefroy2p@zimbio.com,24752093,586_LAVARROPAS,Aliquam non mauris.
31,Roby,rughiu@whitehouse.gov,15117341,324_MONITOR,Curabitur convallis. Duis consequat dui nec nisi volutpat eleifend.
32,Giavani,garklev@unc.edu,14275633,343_TV_LED,Donec semper sapien a libero. Nam dui.
33,Julius,jluckesw@fc2.com,31809006,586_LAVARROPAS,Maecenas rhoncus aliquam lacus.
34,Maure,mhattersleyx@senate.gov,30711859,586_LAVARROPAS,Vivamus in felis eu sapien cursus vestibulum. Proin eu mi.
35,Julianna,jblazay@arstechnica.com,30543445,789_TOSTADORA,Suspendisse potenti. Cras in purus eu magna vulputate luctus.
36,Dorita,dbefroy2p@zimbio.com,24752093,586_LAVARROPAS,Aliquam non mauris.
37,Holt,hguppy10@nih.gov,21584933,789_TOSTADORA,Aenean sit amet justo. Morbi ut odio.
38,Gabi,ghedgecock11@rambler.ru,29399075,586_LAVARROPAS,"Mauris enim leo, rhoncus sed, vestibulum sit amet, cursus id, turpis."
39,Lurlene,lwimp12@nhs.uk,25803763,789_TOSTADORA,Nullam molestie nibh in lectus.
40,Will,wdanzelman13@reference.com,13865149,324_MONITOR,Integer ac neque.
41,Brenden,bcasassa14@imgur.com,25882180,586_LAVARROPAS,Vivamus vel nulla eget eros elementum pellentesque. Quisque porta volutpat erat.
42,Barnaby,baleveque15@odnoklassniki.ru,18073544,343_TV_LED,In quis justo.
43,Dorita,dbefroy2p@zimbio.com,24752093,586_LAVARROPAS,Aliquam non mauris.
44,Josi,jwoofenden17@macromedia.com,21031208,458_BATIDORA,Aliquam erat volutpat. In congue.
45,Laurene,lhadfield18@csmonitor.com,24254170,324_MONITOR,In sagittis dui vel nisl. Duis ac nibh.
46,Madella,mseivwright19@scientificamerican.com,33059813,789_TOSTADORA,"Quisque erat eros, viverra eget, congue eget, semper rutrum, nulla."
47,Esta,elatehouse1a@google.co.uk,21015130,324_MONITOR,Integer ac leo.
48,Karena,kwoolley1b@noaa.gov,18279307,324_MONITOR,Quisque id justo sit amet sapien dignissim vestibulum.
49,Sharlene,scampbelldunlop1c@booking.com,13833560,731_MOUSE,Duis aliquam convallis nunc. Proin at turpis a pede posuere nonummy.
50,Jillayne,jpoff1d@studiopress.com,28110258,789_TOSTADORA,"Donec diam neque, vestibulum eget, vulputate ut, ultrices vel, augue. Vestibulum ante ipsum primis in faucibus orci luctus et ultrices posuere cubilia Curae; Donec pharetra, magna vestibulum aliquet ultrices, erat tortor sollicitudin mi, sit amet lobortis sapien sapien non mi."
51,Theobald,trozsa2d@state.gov,30899174,789_TOSTADORA,Proin eu mi.
52,Morissa,mofairy1f@narod.ru,29817190,343_TV_LED,In eleifend quam a odio.
53,Denis,dlarret1g@hp.com,16450138,731_MOUSE,Phasellus sit amet erat.
54,Emmy,ebill1h@noaa.gov,31080129,731_MOUSE,Aenean fermentum.
55,Angelle,amcgreil1i@gizmodo.com,27039924,343_TV_LED,Donec semper sapien a libero.
56,Randa,rrobillart1j@sciencedirect.com,18676470,789_TOSTADORA,"Integer pede justo, lacinia eget, tincidunt eget, tempus vel, pede. Morbi porttitor lorem id ligula."
57,Brion,bbrimilcombe1k@umich.edu,22552481,789_TOSTADORA,"Donec diam neque, vestibulum eget, vulputate ut, ultrices vel, augue."
58,Kirsteni,kkeyhoe1l@livejournal.com,33994317,324_MONITOR,"Maecenas leo odio, condimentum id, luctus nec, molestie sed, justo."
59,Ignatius,ichampley1m@sohu.com,33264191,458_BATIDORA,"Aliquam sit amet diam in magna bibendum imperdiet. Nullam orci pede, venenatis non, sodales sed, tincidunt eu, felis."
60,Fabe,fglanester1n@clickbank.net,25377201,789_TOSTADORA,Donec posuere metus vitae ipsum. Aliquam non mauris.
61,Mabelle,mgrunnell1o@eepurl.com,21318587,731_MOUSE,"Maecenas tristique, est et tempus semper, est quam pharetra magna, ac consequat metus sapien ut nunc."
62,Flossie,froblinp@mashable.com,28491160,789_TOSTADORA,"Nam congue, risus semper porta volutpat, quam pede lobortis ligula, sit amet eleifend pede libero quis orci. Nullam molestie nibh in lectus."
63,Anitra,agymblett1q@plala.or.jp,25459300,324_MONITOR,Suspendisse accumsan tortor quis turpis.
64,Thaxter,trivelin1r@businesswire.com,31440363,789_TOSTADORA,Phasellus sit amet erat.
65,Giavani,ghansford1s@wordpress.org,27754344,586_LAVARROPAS,Integer a nibh. In quis justo.
66,Evvie,eterron1t@uiuc.edu,33796808,458_BATIDORA,Aenean fermentum.
67,Tana,tlobe1u@hp.com,31577902,458_BATIDORA,Vivamus in felis eu sapien cursus vestibulum. Proin eu mi.
68,Bennett,boloinn1v@reuters.com,25244081,343_TV_LED,"Cum sociis natoque penatibus et magnis dis parturient montes, nascetur ridiculus mus."
69,Patti,plevesley1w@wikipedia.org,14236239,789_TOSTADORA,Curabitur convallis.
70,Almire,avonhagt1x@issuu.com,20452511,458_BATIDORA,Sed ante. Vivamus tortor.
71,Jenine,jgruszecki1y@columbia.edu,30736177,343_TV_LED,"Morbi odio odio, elementum eu, interdum eu, tincidunt in, leo. Maecenas pulvinar lobortis est."
72,Leta,lloffill1z@bloglovin.com,23789572,586_LAVARROPAS,Nulla justo.
73,Otto,ofearns20@unblog.fr,14662325,731_MOUSE,Aenean auctor gravida sem. Praesent id massa id nisl venenatis lacinia.
74,Emmy,easbrey21@biblegateway.com,21742974,731_MOUSE,Aenean sit amet justo. Morbi ut odio.
75,Rikki,rkirby22@webmd.com,14372089,789_TOSTADORA,Phasellus in felis.
76,Moll,mbadland23@theguardian.com,20775225,324_MONITOR,"Quisque porta volutpat erat. Quisque erat eros, viverra eget, congue eget, semper rutrum, nulla."
77,Aurlie,abatham24@ebay.co.uk,21740629,324_MONITOR,"Vestibulum quam sapien, varius ut, blandit non, interdum in, ante. Vestibulum ante ipsum primis in faucibus orci luctus et ultrices posuere cubilia Curae; Duis faucibus accumsan odio."
78,Dimitri,ddunstone25@yale.edu,31816294,458_BATIDORA,"Cras in purus eu magna vulputate luctus. Cum sociis natoque penatibus et magnis dis parturient montes, nascetur ridiculus mus."
79,Chrystel,cgeekin26@naver.com,32088175,324_MONITOR,Proin interdum mauris non ligula pellentesque ultrices.
80,Jarib,jsiegertsz27@admin.ch,17303353,324_MONITOR,Suspendisse potenti.
81,Jemimah,jpedron28@soup.io,18349518,343_TV_LED,"Cum sociis natoque penatibus et magnis dis parturient montes, nascetur ridiculus mus."
82,Jenda,jdomokos29@desdev.cn,31065051,586_LAVARROPAS,Suspendisse ornare consequat lectus.
83,Suzanne,stansley2a@apple.com,21646759,731_MOUSE,"Lorem ipsum dolor sit amet, consectetuer adipiscing elit."
84,Lilah,lpisco2b@google.nl,18420434,731_MOUSE,Maecenas tincidunt lacus at velit. Vivamus vel nulla eget eros elementum pellentesque.
85,Eadith,eciccottio2c@1und1.de,33706394,789_TOSTADORA,Aliquam sit amet diam in magna bibendum imperdiet.
86,Theobald,trozsa2d@state.gov,30899174,324_MONITOR,Proin eu mi.
87,Jarib,jsiegertsz27@admin.ch,17303353,458_BATIDORA,Suspendisse potenti.
88,Rudolph,rbroader2f@scientificamerican.com,27321231,789_TOSTADORA,In hac habitasse platea dictumst.
89,Bone,bburgett2g@wikipedia.org,27707058,789_TOSTADORA,Nullam varius. Nulla facilisi.
90,Findlay,ftapenden2h@simplemachines.org,31111956,789_TOSTADORA,Quisque porta volutpat erat.
91,Nicky,npover2i@scribd.com,32425811,789_TOSTADORA,"Fusce congue, diam id ornare imperdiet, sapien urna pretium nisl, ut volutpat sapien arcu sed augue. Aliquam erat volutpat."
92,Netti,nmciver2j@ycombinator.com,15856297,458_BATIDORA,Nulla mollis molestie lorem. Quisque ut erat.
93,Gianni,gdanne2k@imgur.com,20288187,731_MOUSE,"Aliquam sit amet diam in magna bibendum imperdiet. Nullam orci pede, venenatis non, sodales sed, tincidunt eu, felis."
94,Paulo,pmudd2l@xing.com,13059659,731_MOUSE,"Fusce posuere felis sed lacus. Morbi sem mauris, laoreet ut, rhoncus aliquet, pulvinar sed, nisl."
95,Connor,cbartholin2m@fastcompany.com,33160042,586_LAVARROPAS,Nulla ut erat id mauris vulputate elementum. Nullam varius.
96,Arabel,akisting2n@bing.com,16494718,586_LAVARROPAS,Vivamus vel nulla eget eros elementum pellentesque.
97,Alfonso,atrillow2o@eventbrite.com,25383482,586_LAVARROPAS,"In hac habitasse platea dictumst. Morbi vestibulum, velit id pretium iaculis, diam erat fermentum justo, nec condimentum neque sapien placerat ante."
98,Dorita,dbefroy2p@zimbio.com,24752093,586_LAVARROPAS,Aliquam non mauris.
99,Nerte,nkennaway2q@cafepress.com,32334534,731_MOUSE,Maecenas pulvinar lobortis est. Phasellus sit amet erat.
100,Gallagher,glambeth2r@parallels.com,30269917,458_BATIDORA,Suspendisse potenti. In eleifend quam a odio.
101,Hubey,hsutherden2e@ifeng.com,22152984,586_LAVARROPAS,Nunc nisl.
102,Greggory,gnibley9@ihg.com,30808771,789_TOSTADORA,Aliquam quis turpis eget elit sodales scelerisque.
103,Yancy,ycampsalli@tuttocitta.it,30370456,343_TV_LED,Aenean fermentum.
104,Cayla,cjoant@issuu.com,33773746,324_MONITOR,Quisque porta volutpat erat.
105,Shell,shindshawz@moonfruit.com,20150942,458_BATIDORA,Etiam justo.
106,Salem,scrolly16@is.gd,32664447,586_LAVARROPAS,Integer a nibh.
107,Delphine,dbellsham1e@e-recht24.de,22379022,324_MONITOR,"Nam nulla. Integer pede justo, lacinia eget, tincidunt eget, tempus vel, pede."
108,Waite,waspital1p@utexas.edu,33425230,789_TOSTADORA,Nulla facilisi.
109,Dorita,dbefroy2p@zimbio.com,24752093,586_LAVARROPAS,Aliquam non mauris.
110,Hubey,hsutherden2e@ifeng.com,22152984,731_MOUSE,Nunc nisl.
